{
  "portfolio_total_return": 990869.9330969038,
  "portfolio_annual_return": 0.32872368460025436,
  "portfolio_annual_vol": 0.27639966379069614,
  "portfolio_sharpe": 1.1893056601153489,
  "portfolio_max_drawdown": -0.4392033189744019,
  "benchmark_total_return": 591099.6629062472,
  "benchmark_annual_return": 0.2869462637236353,
  "benchmark_annual_vol": 0.2577983055685426,
  "benchmark_sharpe": 1.113064971822877,
  "benchmark_max_drawdown": -0.4927532348642024,
  "excess_total_return": 399770.27019065665,
  "strategy": "momentum_hold",
  "symbols": [
    "AAPL",
    "MSFT",
    "NVDA",
    "AMZN",
    "META",
    "GOOGL",
    "TSLA"
  ],
  "n_symbols": 7,
  "top_n": 3,
  "weighting_scheme": "equal",
  "vol_window": 20,
  "rebalance_frequency": "monthly",
  "fast": 20,
  "slow": 100,
  "lookback": 120
}