{
  "portfolio_total_return": 1941821.6255312376,
  "portfolio_annual_return": 0.38517295033616294,
  "portfolio_annual_vol": 0.3221950614483181,
  "portfolio_sharpe": 1.1954650968414884,
  "portfolio_max_drawdown": -0.5303491604442576,
  "benchmark_total_return": 984008.277492247,
  "benchmark_annual_return": 0.3281528185774343,
  "benchmark_annual_vol": 0.2698440640530421,
  "benchmark_sharpe": 1.2160831468685953,
  "benchmark_max_drawdown": -0.47325806202452503,
  "excess_total_return": 957813.3480389905,
  "strategy": "momentum_hold",
  "symbols": [
    "AAPL",
    "MSFT",
    "NVDA",
    "AMZN",
    "META",
    "GOOGL",
    "TSLA",
    "AMD",
    "AVGO"
  ],
  "n_symbols": 9,
  "top_n": 5,
  "weighting_scheme": "equal",
  "vol_window": 20,
  "min_score": null,
  "max_weight": null,
  "rebalance_frequency": "monthly",
  "fast": 20,
  "slow": 100,
  "lookback": 120,
  "max_names_per_group": 1,
  "max_group_weight": null
}