{
  "portfolio_total_return": 5783198.300294961,
  "portfolio_annual_return": 0.48188272275010346,
  "portfolio_annual_vol": 0.5244017677329819,
  "portfolio_sharpe": 0.9189189518435634,
  "portfolio_max_drawdown": -0.6725593837492749,
  "benchmark_total_return": 984008.277492247,
  "benchmark_annual_return": 0.3281528185774343,
  "benchmark_annual_vol": 0.2698440640530421,
  "benchmark_sharpe": 1.2160831468685953,
  "benchmark_max_drawdown": -0.47325806202452503,
  "excess_total_return": 4799190.022802714,
  "strategy": "momentum_hold",
  "symbols": [
    "AAPL",
    "MSFT",
    "NVDA",
    "AMZN",
    "META",
    "GOOGL",
    "TSLA",
    "AMD",
    "AVGO"
  ],
  "n_symbols": 9,
  "top_n": 5,
  "weighting_scheme": "inverse_vol",
  "vol_window": 20,
  "min_score": null,
  "max_weight": null,
  "rebalance_frequency": "monthly",
  "fast": 20,
  "slow": 100,
  "lookback": 120,
  "max_names_per_group": 1,
  "max_group_weight": 0.4
}