{
  "portfolio_total_return": 1030905.0569503236,
  "portfolio_annual_return": 0.33198230896032044,
  "portfolio_annual_vol": 0.2808862371687209,
  "portfolio_sharpe": 1.1819102007511584,
  "portfolio_max_drawdown": -0.4453616330120441,
  "benchmark_total_return": 984008.277492247,
  "benchmark_annual_return": 0.3281528185774343,
  "benchmark_annual_vol": 0.2698440640530421,
  "benchmark_sharpe": 1.2160831468685953,
  "benchmark_max_drawdown": -0.47325806202452503,
  "excess_total_return": 46896.77945807658,
  "strategy": "momentum_hold",
  "symbols": [
    "AAPL",
    "MSFT",
    "NVDA",
    "AMZN",
    "META",
    "GOOGL",
    "TSLA",
    "AMD",
    "AVGO"
  ],
  "n_symbols": 9,
  "top_n": 5,
  "weighting_scheme": "inverse_vol",
  "vol_window": 20,
  "min_score": null,
  "max_weight": null,
  "rebalance_frequency": "monthly",
  "fast": 20,
  "slow": 100,
  "lookback": 120,
  "max_names_per_group": null,
  "max_group_weight": 0.4
}