{
  "portfolio_total_return": 2017108.0278513122,
  "portfolio_annual_return": 0.388435136364498,
  "portfolio_annual_vol": 0.2934456046518658,
  "portfolio_sharpe": 1.3237040535172597,
  "portfolio_max_drawdown": -0.4880210894367182,
  "benchmark_total_return": 832547.9293043796,
  "benchmark_annual_return": 0.3144954358478045,
  "benchmark_annual_vol": 0.26011455701763325,
  "benchmark_sharpe": 1.209065111363547,
  "benchmark_max_drawdown": -0.49494975273461717,
  "excess_total_return": 1184560.0985469325,
  "strategy": "momentum_hold",
  "symbols": [
    "AAPL",
    "MSFT",
    "NVDA",
    "AMZN",
    "META",
    "GOOGL",
    "TSLA"
  ],
  "n_symbols": 7,
  "top_n": 3,
  "weighting_scheme": "inverse_vol",
  "vol_window": 20,
  "min_score": null,
  "max_weight": 0.4,
  "rebalance_frequency": "monthly",
  "fast": 20,
  "slow": 100,
  "lookback": 120
}