{
  "portfolio_total_return": 75.57680519452572,
  "portfolio_annual_return": 0.3077161832399933,
  "portfolio_annual_vol": 0.2504799402581253,
  "portfolio_sharpe": 1.2285062944477099,
  "portfolio_max_drawdown": -0.49022511015797465,
  "benchmark_total_return": 58.110066290624715,
  "benchmark_annual_return": 0.2869462637236353,
  "benchmark_annual_vol": 0.2577983055685426,
  "benchmark_sharpe": 1.113064971822877,
  "benchmark_max_drawdown": -0.4927532348642023,
  "excess_total_return": 17.466738903901003,
  "strategy": "sma_cross",
  "symbols": [
    "AAPL",
    "MSFT",
    "NVDA",
    "AMZN",
    "META"
  ],
  "n_symbols": 5,
  "fast": 20,
  "slow": 100,
  "lookback": 20
}