{
  "portfolio_total_return": 1296533.205133886,
  "portfolio_annual_return": 0.3510007751360942,
  "portfolio_annual_vol": 0.27090934915585974,
  "portfolio_sharpe": 1.2956392100523493,
  "portfolio_max_drawdown": -0.4757408068467778,
  "benchmark_total_return": 591099.6629062472,
  "benchmark_annual_return": 0.2869462637236353,
  "benchmark_annual_vol": 0.2577983055685426,
  "benchmark_sharpe": 1.113064971822877,
  "benchmark_max_drawdown": -0.4927532348642024,
  "excess_total_return": 705433.5422276389,
  "strategy": "sma_cross",
  "symbols": [
    "AAPL",
    "MSFT",
    "NVDA",
    "AMZN",
    "META",
    "GOOGL",
    "TSLA"
  ],
  "n_symbols": 7,
  "top_n": 3,
  "weighting_scheme": "equal",
  "vol_window": 20,
  "rebalance_frequency": "monthly",
  "fast": 20,
  "slow": 100,
  "lookback": 20
}